Workbook

Sheet Executive Summary
C3: Government Approval Dashboard | I3: Active
C4: Last Updated: 17th February 2026
C6: Overall | H6: Ministry/State wise breakup
C7: Total Agencies in Pipeline: | D7: =COUNTA('Government Agencies Pipeline'!C:C)-COUNTBLANK('Government Agencies Pipeline'!C2:C27) -> 25 | H7: Central/State | I7: Count
C8: Active Cases | D8: =COUNTIF('Government Agencies Pipeline'!A2:A27,I3) -> 18 | H8: MoRTH | I8: =COUNTIFS('Government Agencies Pipeline'!D:D,'Executive Summary'!H8,'Government Agencies Pipeline'!A:A,'Executive Summary'!I$3) -> 2
C9: Total Annual Demand (MT) [Active Cases]: | D9: =SUMIF('Government Agencies Pipeline'!A:A,I3,'Government Agencies Pipeline'!J:J) -> 14942000 | H9: MoHUA | I9: =COUNTIFS('Government Agencies Pipeline'!D:D,'Executive Summary'!H9,'Government Agencies Pipeline'!A:A,'Executive Summary'!I$3) -> 4
H10: MoHUA-State JV | I10: =COUNTIFS('Government Agencies Pipeline'!D:D,'Executive Summary'!H10,'Government Agencies Pipeline'!A:A,'Executive Summary'!I$3) -> 1
H11: MoR | I11: =COUNTIFS('Government Agencies Pipeline'!D:D,'Executive Summary'!H11,'Government Agencies Pipeline'!A:A,'Executive Summary'!I$3) -> 1
H12: MoD | I12: =COUNTIFS('Government Agencies Pipeline'!D:D,'Executive Summary'!H12,'Government Agencies Pipeline'!A:A,'Executive Summary'!I$3) -> 2
C13: Stages | H13: Haryana | I13: =COUNTIFS('Government Agencies Pipeline'!D:D,'Executive Summary'!H13,'Government Agencies Pipeline'!A:A,'Executive Summary'!I$3) -> 1
C14: Current Stage | D14: Count | E14: Percentage | F14: Total Demand (MT) | H14: Uttar Pradesh | I14: =COUNTIFS('Government Agencies Pipeline'!D:D,'Executive Summary'!H14,'Government Agencies Pipeline'!A:A,'Executive Summary'!I$3) -> 4
C15: Discussion | D15: =COUNTIFS('Government Agencies Pipeline'!P:P,C15,'Government Agencies Pipeline'!A:A,'Executive Summary'!I3) -> 7 | E15: =D15/$D$8 -> 0.38888889 | F15: =SUMIFS('Government Agencies Pipeline'!J:J,'Government Agencies Pipeline'!A:A,'Executive Summary'!I3,'Government Agencies Pipeline'!P:P,'Executive Summary'!C15) -> 2050000 | H15: Punjab | I15: =COUNTIFS('Government Agencies Pipeline'!D:D,'Executive Summary'!H15,'Government Agencies Pipeline'!A:A,'Executive Summary'!I$3) -> 1
C16: File Submitted | D16: =COUNTIFS('Government Agencies Pipeline'!P:P,C16,'Government Agencies Pipeline'!A:A,'Executive Summary'!I3) -> 7 | E16: =D16/$D$8 -> 0.38888889 | F16: =SUMIFS('Government Agencies Pipeline'!J:J,'Government Agencies Pipeline'!A:A,'Executive Summary'!I3,'Government Agencies Pipeline'!P:P,'Executive Summary'!C16) -> 11591000 | H16: Odisha | I16: =COUNTIFS('Government Agencies Pipeline'!D:D,'Executive Summary'!H16,'Government Agencies Pipeline'!A:A,'Executive Summary'!I$3) -> 1
C17: Decisioning | D17: =COUNTIFS('Government Agencies Pipeline'!P:P,C17,'Government Agencies Pipeline'!A:A,'Executive Summary'!I3) -> 2 | E17: =D17/$D$8 -> 0.11111111 | F17: =SUMIFS('Government Agencies Pipeline'!J:J,'Government Agencies Pipeline'!A:A,'Executive Summary'!I3,'Government Agencies Pipeline'!P:P,'Executive Summary'!C17) -> 1200000 | H17: West Bengal | I17: =COUNTIFS('Government Agencies Pipeline'!D:D,'Executive Summary'!H17,'Government Agencies Pipeline'!A:A,'Executive Summary'!I$3) -> 1
C18: *BRO & DDA not taken in the count | H18: Total | I18: =SUM(I8:I17) -> 18
C19: Potential Volume break-up
C20: Volume Level | D20: Count | E20: Percentage | F20: Total Demand (MT) | H20: Approach Route
C21: High | D21: =COUNTIFS('Government Agencies Pipeline'!A:A,'Executive Summary'!I3,'Government Agencies Pipeline'!O:O,'Executive Summary'!C21) -> 9 | E21: =D21/$D$8 -> 0.5 | F21: =SUMIFS('Government Agencies Pipeline'!J:J,'Government Agencies Pipeline'!A:A,'Executive Summary'!I3,'Government Agencies Pipeline'!O:O,'Executive Summary'!C21) -> 12791000 | H21: JSW Corp Affairs Support: | I21: =COUNTIFS('Government Agencies Pipeline'!N:N,"Yes",'Government Agencies Pipeline'!A:A,'Executive Summary'!I3) -> 6
C22: Medium | D22: =COUNTIFS('Government Agencies Pipeline'!A:A,'Executive Summary'!I3,'Government Agencies Pipeline'!O:O,'Executive Summary'!C22) -> 6 | E22: =D22/$D$8 -> 0.33333333 | F22: =SUMIFS('Government Agencies Pipeline'!J:J,'Government Agencies Pipeline'!A:A,'Executive Summary'!I3,'Government Agencies Pipeline'!O:O,'Executive Summary'!C22) -> 1850000 | H22: On our own | I22: =COUNTIFS('Government Agencies Pipeline'!N:N,"No",'Government Agencies Pipeline'!A:A,'Executive Summary'!I3) -> 12
C23: Low | D23: =COUNTIFS('Government Agencies Pipeline'!A:A,'Executive Summary'!I3,'Government Agencies Pipeline'!O:O,'Executive Summary'!C23) -> 3 | E23: =D23/$D$8 -> 0.16666667 | F23: =SUMIFS('Government Agencies Pipeline'!J:J,'Government Agencies Pipeline'!A:A,'Executive Summary'!I3,'Government Agencies Pipeline'!O:O,'Executive Summary'!C23) -> 301000 | H23: Total | I23: =SUM(I21:I22) -> 18
C24: High: > 2,00,000 MT | Medium: 50,000-2,00,000 MT annual | Low: <50,000 MT annual
C26: Recent Updates
C27: NHAI: © Working with CGMs at HQ Delhi for source approvals at states
C28: © WB PD (New Jalpaiguri) aligned for approval(3 major projects going on)
C29: CPWD: © Clarification sought by Mumbai SDG office with HQ Delhi - there's no precedent.of approval to CM TMT brand.Working with Mumbai SDG SPOC for a favourable noting.
C30: NBCC: © Approval process to be opened by 28th Feb.Built connect with key officials inside - ED & CGM.
C31: © CGM shared a 5000 MT tactical opportunity 2 weeks back.Sales team working on it.
C32: RVNL: © Met CMD Saleem Ahmad. Only BF route TMT approved | Convinced him to consider JSW One | 20th Feb: File submission to CMD
C33: State PWDs: © Working on State PWDs - Odisha / Punjab / WB / UP. | Haryana - Final call to be taken by us

Sheet Government Agencies Pipeline
A1: Current state of the project | B1: No. | C1: Department | D1: Central/State | E1: Center/State | F1: Approved TMT Brand | G1: Brands Approved | H1: Pre-Qualified | I1: Empanelment | J1: Annual Demand (MT) | K1: Volume Potential | L1: Low Cost Brands Approved | M1: Approval Rigor | N1: JSW Support | O1: Priority | P1: Discussion Stage | Q1: Remarks
A2: Active | B2: 1 | C2: NHAI | D2: MoRTH | E2: Center | F2: JSW/JSPL Steel, TATA, SAIL, RINL, SRMB Srijan Pvt. Ltd., Rungta Mines Ltd., Real Ispat and Power Ltd. (GK TMT), Fortune Metal Ltd., Rama Power & Steel Pvt. Ltd. (RAMA TMT), Shyam Steel, Shree Nakoda Ispat Ltd., Rashmi Metaliks Limited, MS Agarwal Foundaries Pvt. Ltd., SMW Ispat Pvt. Ltd. (Sangam Steel), Shri Bajrang Power & Ispat Ltd. (GOEL TMT), Radha Smelters Pvt. Ltd. (RADHA TMT), Prime Gold Sail JVC Ltd., MSP Steel & Power Ltd., ESL Steel Ltd. (Vedanta), Shakambhari Ispat & Power Ltd. (Elegant Steel), Maithan Steel & Power Ltd., Jai Balaji Industries Limited (Balaji Shakti TMT). | G2: Primary+Others | H2: Yes | I2: Open | J2: 5000000 | K2: High | L2: No | M2: Rigorous | N2: No | O2: High | P2: File Submitted | Q2: • Working with their Top Management to get into the preferred list.Head – Quality and Head Design.Suffered setback due to sudden transfer of main backer Head Quality. • Parallelly working with ROs and PDs for source approval. a) CGM-Innovation Task Force is overseeing WB and UP.He called PD – Siliguri and a Contractor to do the approvals. b) Meeting PDs in RO – Delhi and Haryana.
A3: Active | B3: 2 | C3: NHIDCL | D3: MoRTH | E3: Center | F3: JSW/JSPL Steel, TATA, SAIL, RINL, SRMB Srijan Pvt. Ltd., Rungta Mines Ltd., Real Ispat and Power Ltd. (GK TMT), Fortune Metal Ltd., Rama Power & Steel Pvt. Ltd. (RAMA TMT), Shyam Steel, Shree Nakoda Ispat Ltd., Rashmi Metaliks Limited, MS Agarwal Foundaries Pvt. Ltd., SMW Ispat Pvt. Ltd. (Sangam Steel), Shri Bajrang Power & Ispat Ltd. (GOEL TMT), Radha Smelters Pvt. Ltd. (RADHA TMT), Prime Gold Sail JVC Ltd., MSP Steel & Power Ltd., ESL Steel Ltd. (Vedanta), Shakambhari Ispat & Power Ltd. (Elegant Steel), Maithan Steel & Power Ltd., Jai Balaji Industries Limited (Balaji Shakti TMT). | G3: Primary+Others | H3: Yes | I3: Open | J3: 50000 | K3: Medium | L3: No | M3: Rigorous | N3: No | O3: Medium | P3: Discussion | Q3: • NHAI equivalent for border areas like JK / Ladakh / NE. • Will get source approvals after getting some conversions in NHAI
A4: Active | B4: 3 | C4: CPWD | D4: MoHUA | E4: Center | F4: Tata, SAIL, RINL (VIZAG), JSW, Essar Steel, Sanghi, Electrotherm Steel, Jindal Steel | G4: All except PSUs being reapproved | H4: Yes | I4: Yearly | J4: 1000000 | K4: High | L4: No | M4: Rigorous | N4: No | O4: High | P4: Decisioning | Q4: • Files have been scrutinized and plant visit scheduled being prepared • In our case a clarification has been sought from the CSQ team HQ Delhi as there has been no precedent of approval via Contract Manufacturing route. • Working with XeN Ninawe(from SDG Mumbai office).
A5: Active | B5: 4 | C5: DMRC | D5: MoHUA | E5: Center | F5: Tata/JSW/RINL/SAIL/Shyam/SRMB/KL Steel/SKS Ispat | G5: Primary | H5: No | I5: Yearly | J5: 200000 | K5: High | L5: No | M5: Rigorous | N5: No | O5: Low | P5: Discussion
A6: Active | B6: 5 | C6: NBCC | D6: MoHUA | E6: Center | F6: SAIL, Tata Steel, RINL, JSW Steel Ltd, Electrosteel, Jindal Steel & Power Ltd, Shyam Steel | G6: Primary+Others | H6: Yes | I6: Open | J6: 450000 | K6: High | L6: No | M6: meeting next week | N6: No | O6: Medium | P6: Discussion | Q6: • EOI expected to be released for brand approval by 28th Feb • Working with ED Arun Sharma and CGM Aditya Chandra on it. • Aditya shared a tactical opportunity of 5,000 MT recently.
A7: Active | B7: 6 | C7: DDA | D7: MoHUA | E7: Center | F7: NA | G7: NA | I7: NA | J7: 1000 | K7: Low | L7: Yes | M7: NA | N7: No | O7: Low | Q7: • Met senior officials.Projects have dried up and Organization is suffering from major resource crunch
A8: Active | B8: 7 | C8: NCR-RRT | D8: MoHUA-State JV | E8: Center | F8: Tata/JSW/RINL/SAIL/Shyam/SRMB/KL Steel/SKS Ispat | G8: Primary | H8: Yes | I8: Open | J8: 50000 | K8: Medium | L8: No | M8: meeting next week | N8: No | O8: Medium | P8: Discussion | Q8: • Decision influenced by DMRC list
A9: Inactive | B9: 8 | C9: Indian Railways | D9: MoR | E9: Center | F9: To be found out | G9: To be found out | H9: To be found out | I9: To be checked | J9: 10000 | K9: NA | L9: NA | M9: NA | O9: Medium
A10: Inactive | B10: 9 | C10: IRCON | D10: MoR | E10: Center | F10: To be found out | G10: To be found out | H10: To be found out | I10: To be checked | J10: 200000 | K10: NA | L10: NA | M10: NA | O10: Medium
A11: Active | B11: 10 | C11: RVNL | D11: MoR | E11: Center | F11: To be found out | G11: JSW/Tata/SAIL | H11: To be found out | I11: Open | J11: 200000 | K11: High | L11: NA | M11: NA | N11: No | O11: Medium | P11: Discussion | Q11: • Blast furnace route criteria for approval • CMD has asked for an application seeking plant visit to check quality
A12: Active | B12: 11 | C12: BRO | D12: MoD | E12: Center | F12: To be found out | G12: All OEM can bid on GEM | H12: To be found out | I12: Open | J12: 100000 | K12: Medium | L12: NA | M12: NA | N12: No | O12: Low | Q12: • Formal approvals are not given. • Procurement happens via GEM portal • Only OEMs are considered.
A13: Active | B13: 12 | C13: MES | D13: MoD | E13: Center | F13: RINL, TATA, SAIL, Balaji Shakti, Shyam steel, Simhadri TMT, Jindal Panther, SRBM, GOEL TMT, G K TMT, Super Shakti, Gallant TMX, Rashmi TMT, Elegant TMT, Neo Steel, Kamachi,SEL, ET TMT, Nakoda TMT,Tulsyan TMT | G13: Primary+Others | H13: Yes | I13: Open | J13: 1000000 | K13: Medium | L13: Yes | M13: Rigorous | N13: No | O13: Medium | P13: Discussion | Q13: • Online application will have to be submitted • Trying to meet the Director – Design Neeraj Kumar before that
A14: Active | B14: 13 | C14: PWD | D14: Haryana | E14: Haryana | F14: JSW/SAIL/Tata/RINL/Goel/Shyam/Govinda | G14: Primary+Others | H14: Yes | I14: Open | J14: 200000 | K14: High | L14: No | M14: Rigorous | N14: No | O14: High | P14: Decisioning | Q14: • Committee for Plant visit had been formed • Management approval needed for go-ahead
A15: Active | B15: 14 | C15: PWD | D15: Uttar Pradesh | E15: Uttar Pradesh | F15: JSW/SAIL/Tata/RINL/Goel/Shyam/Govinda | G15: Primary+Others | H15: Yes | I15: Open | J15: 4500000 | K15: High | L15: No | M15: Rigorous | N15: Yes | O15: High | P15: File Submitted | Q15: • File submitted to CE CP Gupta.Source approvals given • Following up with CPG for a presentation.
A16: Inactive | B16: 15 | C16: LDA | D16: Uttar Pradesh | E16: Uttar Pradesh | F16: JSW/SAIL/Tata/RINL/Goel/Shyam/Govinda | G16: Primary+Others | H16: Yes | I16: Open | J16: NA | K16: NA | L16: No | M16: Rigorous | O16: High
A17: Active | B17: 16 | C17: UP Metro Rail Corporation | D17: Uttar Pradesh | E17: Uttar Pradesh | F17: Tata/JSW/RINL/SAIL/Shyam/SRMB/KL Steel/SKS Ispat | G17: Primary+Others | H17: Yes | I17: Open | J17: 100000 | K17: Medium | L17: No | M17: Rigorous | N17: Yes | O17: Medium | P17: Discussion
A18: Active | B18: 17 | C18: Jal Jeevan Mission & Namami Gange | D18: Uttar Pradesh | E18: Uttar Pradesh | F18: JSW/SAIL/Tata/RINL/Goel/Shyam/Govinda | G18: Primary+Others | H18: Yes | I18: Open | J18: 1000 | K18: Low | L18: No | M18: Rigorous | N18: Yes | O18: High | P18: File Submitted | Q18: • CE DK Singh aligned.Source approvals to be taken.
A19: Active | B19: 18 | C19: UPEIDA | D19: Uttar Pradesh | E19: Uttar Pradesh | F19: JSW/SAIL/Tata/RINL/Goel/Shyam/Govinda | G19: Primary+Others | H19: Yes | I19: Open | J19: 40000 | K19: Low | L19: No | M19: Rigorous | N19: Yes | O19: High | P19: File Submitted | Q19: • File submitted.Following up for presentation
A20: Active | B20: 19 | C20: PWD | D20: Punjab | E20: Punjab | F20: JSW/SAIL/Tata/RINL/Gallant/Shyam | G20: Primary+Others | H20: Yes | I20: Open | J20: 250000 | K20: High | L20: No | M20: Rigorous | N20: No | O20: High | P20: File Submitted | Q20: • File submitted. • Following up for plant visit
A21: Active | B21: 20 | C21: Works Department | D21: Odisha | E21: Odisha | F21: JSW/Tata/SAIL/RINL/Rungta/Shyam/Scan Steel | G21: Primary+Others | H21: Yes | I21: Opened on 6th Oct 2025 | J21: 1800000 | K21: High | L21: Yes | M21: Rigorous | N21: Yes | O21: High | P21: File Submitted | Q21: • File submitted.Some more documents sought.Revised file to be submitted this week.
A22: Active | B22: 21 | C22: PWD | D22: West Bengal | E22: West Bengal | F22: JSW/Tata/SAIL/RINL/Rungta/Shyam | G22: Primary+Others | H22: Yes | I22: NA | J22: 2,00,0000 | K22: High | L22: Yes | M22: Yet to find out | N22: Yes | O22: High | P22: File Submitted | Q22: • Discussions done.File to be submitted after Kharagpur plant comes up.
A23: Inactive | B23: 22 | C23: R&BD Gujarat | D23: Gujarat | E23: Gujarat | F23: Tata/SAIL/JSW/RINL/Electrotherm/Gallant | G23: Primary+Others | H23: Yes | I23: To be checked | J23: 3,00,000 | K23: High | L23: No | M23: Yet to find out | N23: No | O23: Medium
A24: Inactive | B24: 23 | C24: GSRDC | D24: Gujarat | E24: Gujarat | F24: Tata/SAIL/JSW/RINL/Electrotherm/Gallant | G24: Primary+Others | H24: Yes | I24: To be checked | J24: 2,00,000 | K24: High | L24: No | M24: Yet to find out | N24: No | O24: Medium
A25: Inactive | B25: 24 | C25: Gujarat Police Housing | D25: Gujarat | E25: Gujarat | F25: Tata/SAIL/JSW/RINL/Electrotherm/Gallant | G25: Primary+Others | H25: Yes | I25: To be checked | J25: 50000 | K25: High | L25: No | M25: Yet to find out | N25: No | O25: Low
A26: Inactive | B26: 25 | C26: Municipal Corporations(AMC/SMC/RMC/VMC) | D26: Gujarat | E26: Gujarat | F26: Tata/JSW/SAIL/RINL/Ramsaroop/Shyam/National | G26: Primary+Others | I26: To be checked | J26: 3,00,000 | K26: High | L26: No | M26: Yet to find out | N26: No | O26: Medium

Sheet Backup
C2: Discussion
C3: File Submitted
C4: Decisioning
